day,slot,type,category,angle
Monday,08:05,SEO pillar,insurance-claims,How-to / documentation checklist
Monday,11:35,Discover news,refunds,New refund or compensation development
Monday,14:20,Discover news,banking-fees,Consumer banking change
Monday,17:10,SEO pillar,credit-debt,Evergreen dispute or debt guide
Monday,20:35,Discover news,travel-refunds,Travel disruption / refund rights
Tuesday,08:05,SEO pillar,tax-money,Unclaimed money or tax refund guide
Tuesday,11:35,Discover news,consumer-rights,Regulator enforcement / consumer alert
Tuesday,14:20,Discover news,warranties,Recall / warranty development
Tuesday,17:10,SEO pillar,refunds,Chargeback / merchant refund guide
Tuesday,20:35,Discover news,insurance-claims,Insurance policy or claims development
